id,label
ENSG00000129195,0
ENSG00000102103,6
ENSG00000066777,5
ENSG00000139233,3
ENSG00000197062,0
ENSG00000181163,3
ENSG00000165688,1
ENSG00000102935,0
ENSG00000159216,4
ENSG00000166333,9
ENSG00000172725,2
ENSG00000104980,1
ENSG00000080819,1
ENSG00000196924,2
ENSG00000165006,2
ENSG00000137207,5
ENSG00000180185,1;0
ENSG00000177303,2
ENSG00000077549,4
ENSG00000094916,0
ENSG00000150760,0
ENSG00000110002,0
ENSG00000010244,0
ENSG00000134809,1
ENSG00000138095,1
ENSG00000141385,1
ENSG00000141367,4
ENSG00000100401,4
ENSG00000126749,3;0
ENSG00000130787,2;4
ENSG00000146826,4
ENSG00000082898,4
ENSG00000273559,6
ENSG00000188021,2
ENSG00000106153,1
ENSG00000173276,0
ENSG00000177425,2
ENSG00000166484,0
ENSG00000127914,5
ENSG00000137767,1
ENSG00000087299,1
ENSG00000174371,8
ENSG00000166197,3
ENSG00000147649,7
ENSG00000162300,5
ENSG00000197122,2
ENSG00000137876,3;0
ENSG00000143799,0
ENSG00000166313,2
ENSG00000109920,6
ENSG00000108592,3
ENSG00000130396,9;2
ENSG00000100243,7
ENSG00000108588,7
ENSG00000163607,1
ENSG00000158545,6
ENSG00000033170,5
ENSG00000155307,2
ENSG00000204740,5
ENSG00000111640,2
ENSG00000121653,2
ENSG00000136270,1
ENSG00000183773,1
ENSG00000100941,6
ENSG00000154380,2
ENSG00000166987,0
ENSG00000040487,4
ENSG00000144589,4
ENSG00000118515,6
ENSG00000157895,3
ENSG00000197249,4
ENSG00000122674,4
ENSG00000140374,1
ENSG00000171681,8
ENSG00000162851,1
ENSG00000137818,7
ENSG00000111011,6
ENSG00000136143,1
ENSG00000100347,1
ENSG00000075239,1
ENSG00000170854,3;0
ENSG00000169032,2
ENSG00000141552,3
ENSG00000099995,6
ENSG00000137154,7
ENSG00000198231,6
ENSG00000147403,7
ENSG00000166181,6
ENSG00000046604,9
ENSG00000006747,2
ENSG00000168490,1
ENSG00000169220,4
ENSG00000117133,3
ENSG00000087253,7
ENSG00000162642,0
ENSG00000103365,5
ENSG00000261236,3;0
ENSG00000135052,5
ENSG00000122705,4
ENSG00000157637,5
ENSG00000117877,0
ENSG00000198087,2
ENSG00000186951,0
ENSG00000148296,3
ENSG00000160214,3
ENSG00000141499,8
ENSG00000116095,5
ENSG00000132170,0;4
ENSG00000185049,8
ENSG00000105281,2
ENSG00000215021,1
ENSG00000136243,0
ENSG00000164919,1
ENSG00000213782,3
ENSG00000117394,2
ENSG00000126953,1
ENSG00000160679,6
ENSG00000109586,5
ENSG00000175866,2
ENSG00000107819,1
ENSG00000113013,1
ENSG00000161016,7;3
ENSG00000036054,5
ENSG00000105856,6
ENSG00000141644,4
ENSG00000137714,1
ENSG00000169905,7
ENSG00000243943,0
ENSG00000151151,0
ENSG00000070081,5
ENSG00000183751,3
ENSG00000135763,3
ENSG00000037280,6;2
ENSG00000167323,7
ENSG00000096696,9
ENSG00000100196,7
ENSG00000165732,3;0
ENSG00000163631,7;5
ENSG00000119711,1
ENSG00000158941,8
ENSG00000077348,3
ENSG00000178950,5;4
ENSG00000115944,1;3
ENSG00000125901,1
ENSG00000177108,2
ENSG00000099992,2
ENSG00000138035,1
ENSG00000166598,7
ENSG00000154767,0;2
ENSG00000134884,1
ENSG00000169020,1
ENSG00000177054,4
ENSG00000110955,1
ENSG00000074800,2
ENSG00000147383,7
ENSG00000001630,7
ENSG00000064419,4
ENSG00000151276,9
ENSG00000127022,7
ENSG00000147065,2
ENSG00000196396,7
ENSG00000154639,9;2
ENSG00000163155,0
ENSG00000088833,2
ENSG00000169217,6
ENSG00000187514,0
ENSG00000158411,4
ENSG00000166855,1
ENSG00000148773,8;3;0
ENSG00000173545,0
ENSG00000249751,2
ENSG00000177971,3;0
ENSG00000155438,3
ENSG00000117399,0
ENSG00000167978,6
ENSG00000132773,8
ENSG00000125817,8
ENSG00000132300,1
ENSG00000085832,4
ENSG00000168137,0
ENSG00000197712,5;0
ENSG00000169851,9;2
ENSG00000087269,3;0
ENSG00000060762,1
ENSG00000121058,8
ENSG00000117054,1
ENSG00000138363,2
ENSG00000166896,2;4
ENSG00000158864,1
ENSG00000099889,9
ENSG00000100568,4
ENSG00000213672,2
ENSG00000136280,1
ENSG00000115275,7
ENSG00000169855,2
ENSG00000167526,7;3
ENSG00000107679,0
ENSG00000088205,3
ENSG00000147889,3
ENSG00000072756,1
ENSG00000109189,3
ENSG00000147697,1
ENSG00000105373,3
ENSG00000240682,6
ENSG00000177542,1
ENSG00000173726,1
ENSG00000133710,4
ENSG00000198498,3
ENSG00000180423,2
ENSG00000087274,2
ENSG00000136156,5;4
ENSG00000106344,3
ENSG00000123815,1
ENSG00000110218,2
ENSG00000112992,1
ENSG00000029725,4
ENSG00000204356,8
ENSG00000135940,1
ENSG00000114982,0
ENSG00000108848,6
ENSG00000188186,4
ENSG00000173786,0
ENSG00000082212,1
ENSG00000083720,1
ENSG00000010810,2
ENSG00000184743,7
ENSG00000126010,2
ENSG00000136810,0
ENSG00000170166,0
ENSG00000005339,8
ENSG00000153786,5
ENSG00000162616,2
ENSG00000101161,6
ENSG00000179041,3
ENSG00000114450,2
ENSG00000129083,5;4
ENSG00000137216,2
ENSG00000089063,7
ENSG00000225921,3
ENSG00000186493,5;4
ENSG00000134762,9
ENSG00000134697,3
ENSG00000142546,0
ENSG00000039319,4
ENSG00000169021,1
ENSG00000196242,2
ENSG00000146411,9;2
ENSG00000073578,1
ENSG00000198848,7
ENSG00000180370,0
ENSG00000133961,9
ENSG00000105379,1
ENSG00000100029,3;0
ENSG00000053747,7
ENSG00000122786,2
ENSG00000126602,1
ENSG00000132305,1
ENSG00000177485,0;2
ENSG00000181433,0
ENSG00000091490,0
ENSG00000100216,1
ENSG00000197879,2
ENSG00000189046,0
ENSG00000113141,6
ENSG00000067704,1
ENSG00000072682,7
ENSG00000184363,9
ENSG00000134851,5
ENSG00000132463,1
ENSG00000134146,3;0
ENSG00000136718,3
ENSG00000085491,1
ENSG00000197728,7;3
ENSG00000125844,7
ENSG00000123454,4
ENSG00000108064,1
ENSG00000113460,3
ENSG00000110107,6
ENSG00000162244,7;3
ENSG00000227345,0;4
ENSG00000115539,0
ENSG00000153071,2;4
ENSG00000132591,1
ENSG00000165264,1
ENSG00000188976,3
ENSG00000214022,0
ENSG00000110048,5
ENSG00000160194,1
ENSG00000049449,7
ENSG00000173083,4
ENSG00000104413,8
ENSG00000198561,2
ENSG00000172432,4
ENSG00000196154,2
ENSG00000111530,5
ENSG00000146574,4
ENSG00000140464,8
ENSG00000089199,4
ENSG00000115657,5
ENSG00000104067,9
ENSG00000062485,1
ENSG00000134317,5;0;4
ENSG00000128928,1
ENSG00000184708,4
ENSG00000257390,6
ENSG00000102030,3
ENSG00000130513,5
ENSG00000129347,3
ENSG00000101558,7
ENSG00000105289,9
ENSG00000147905,3
ENSG00000115524,6
ENSG00000059573,1
ENSG00000186834,4
ENSG00000057294,9
ENSG00000196937,5
ENSG00000173145,3
ENSG00000077009,4
ENSG00000136522,1
ENSG00000135631,4
ENSG00000102316,3;0
ENSG00000196504,6
ENSG00000137502,4
ENSG00000134748,0
ENSG00000169895,5
ENSG00000175467,6
ENSG00000112294,1
ENSG00000068650,4
ENSG00000102977,8
ENSG00000198945,3;0
ENSG00000111605,6
ENSG00000186462,2
ENSG00000141905,0
ENSG00000005812,8
ENSG00000173230,5
ENSG00000172171,1
ENSG00000063177,7
ENSG00000198081,0
ENSG00000029153,3;0
ENSG00000213639,0;2
ENSG00000143633,3
ENSG00000119707,6
ENSG00000122257,6
ENSG00000112234,6
ENSG00000145414,0
ENSG00000101210,3
ENSG00000147421,8
ENSG00000074696,7
ENSG00000179242,2
ENSG00000198586,0
ENSG00000126777,7
ENSG00000165637,1
ENSG00000104112,4
ENSG00000151729,1
ENSG00000088888,1
ENSG00000100650,3;0
ENSG00000164284,1
ENSG00000107651,4
ENSG00000165792,0
ENSG00000197956,2
ENSG00000146067,0
ENSG00000164587,7
ENSG00000035928,0
ENSG00000262660,1
ENSG00000114023,1
ENSG00000127838,1
ENSG00000141456,3;0
ENSG00000131871,7
ENSG00000164332,3;0
ENSG00000186432,0
ENSG00000172020,2
ENSG00000124383,3
ENSG00000148842,4
ENSG00000185825,7
ENSG00000169564,6
ENSG00000102901,8
ENSG00000137776,8
ENSG00000154370,0
ENSG00000134056,1
ENSG00000185104,0
ENSG00000008311,1;4
ENSG00000169972,4
ENSG00000166169,0
ENSG00000103495,0
ENSG00000137812,8
ENSG00000173575,0
ENSG00000143952,5
ENSG00000082701,0
ENSG00000127526,5
ENSG00000154305,4
ENSG00000163956,7
ENSG00000154229,2
ENSG00000104889,0
ENSG00000115295,4
ENSG00000160058,5
ENSG00000100201,6
ENSG00000198914,0
ENSG00000180626,0
ENSG00000158092,2
ENSG00000188643,2
ENSG00000132485,0
ENSG00000196189,0
ENSG00000143294,6
ENSG00000160209,0
ENSG00000128694,1
ENSG00000136463,1
ENSG00000055483,6;3
ENSG00000006453,2
ENSG00000123737,3
ENSG00000135372,3
ENSG00000002330,1
ENSG00000159884,2
ENSG00000171490,3
ENSG00000115310,7
ENSG00000205413,4
ENSG00000151657,0
ENSG00000164405,1
ENSG00000104859,0
ENSG00000122008,8
ENSG00000070950,8
ENSG00000113845,1
ENSG00000261796,6
ENSG00000105755,1
ENSG00000092621,2
ENSG00000164182,1
ENSG00000160710,3;0
ENSG00000051180,3
ENSG00000028277,4
ENSG00000135972,1
ENSG00000136104,0
ENSG00000177646,1
ENSG00000136875,6
ENSG00000109846,2
ENSG00000161544,6
ENSG00000143514,9
ENSG00000108924,0
ENSG00000155380,9;2
ENSG00000161533,4
ENSG00000137710,2
ENSG00000171206,4
ENSG00000122971,1
ENSG00000099864,2
ENSG00000012660,7
ENSG00000067334,3
ENSG00000130958,5
ENSG00000116580,8
ENSG00000088930,3;0
ENSG00000197223,3;0
ENSG00000151929,2
ENSG00000145241,8
ENSG00000136935,5
ENSG00000182944,0
ENSG00000178952,1
ENSG00000154174,1
ENSG00000107937,3
ENSG00000100575,1
ENSG00000120075,0
ENSG00000167182,4
ENSG00000068796,3;0
ENSG00000117751,6
ENSG00000186010,1
ENSG00000077498,4
ENSG00000100867,1;0
ENSG00000079819,2
ENSG00000171566,6
ENSG00000118777,0;2
ENSG00000109220,2;4
ENSG00000092330,8
ENSG00000161267,1
ENSG00000149929,0
ENSG00000137133,1
ENSG00000131844,1
ENSG00000143476,0
ENSG00000084754,1
ENSG00000165495,0
ENSG00000166747,4
ENSG00000164093,0
ENSG00000152291,5
ENSG00000143621,0
ENSG00000185567,2
ENSG00000185475,6
ENSG00000050405,2
ENSG00000168496,3
ENSG00000149294,2
ENSG00000168924,1
ENSG00000133226,6
ENSG00000082397,2
ENSG00000100324,6
ENSG00000131381,4
ENSG00000180900,9;2
ENSG00000148291,3;0
ENSG00000029363,6
ENSG00000117525,4
ENSG00000108651,3
ENSG00000145247,1
ENSG00000206053,2
ENSG00000151475,1
ENSG00000119421,1
ENSG00000174652,4
ENSG00000007080,2
ENSG00000117691,0
ENSG00000107130,2
ENSG00000076706,2
ENSG00000138768,5
ENSG00000099194,7
ENSG00000159140,6
ENSG00000063244,6
ENSG00000101457,0
ENSG00000114554,0
ENSG00000135315,2
ENSG00000171858,7
ENSG00000124164,7
ENSG00000160208,3
ENSG00000113761,0
ENSG00000161513,1
ENSG00000156515,1
ENSG00000143748,3
ENSG00000248487,4
ENSG00000013374,3;0
ENSG00000111875,0
ENSG00000163902,7
ENSG00000135829,0
ENSG00000170322,0
ENSG00000086589,0
ENSG00000085760,1
ENSG00000170312,0
ENSG00000278619,1
ENSG00000146457,6
ENSG00000124795,0
ENSG00000127884,1
ENSG00000182199,1
ENSG00000083635,3;0
ENSG00000105953,1
ENSG00000117906,7
ENSG00000165887,4
ENSG00000054118,6
ENSG00000176978,5;4
ENSG00000153406,0
ENSG00000110104,3;0
ENSG00000110075,2
